{
  "name": "v2.0 Update to 1.21",
  "version_number": "2.0",
  "changelog": "Update to 1.21 to use the new tag folder names",
  "game_versions": [
    "1.21"
  ],
  "dependencies": [
    {
      "project_id": "ERLjKg7g",
      "dependency_type": "optional"
    },
    {
      "project_id": "dpLYDTiH",
      "dependency_type": "optional"
    },
    {
      "project_id": "Xqq7IBeE",
      "dependency_type": "optional"
    },
    {
      "project_id": "S7cHoMDR",
      "dependency_type": "optional"
    },
    {
      "project_id": "kbuqezYO",
      "dependency_type": "optional"
    }
  ],
  "version_type": "release",
  "project_id": "y87pO5HP"
}
